section,metric,stat,value,unit
xc_mt,total_wall_ticks,sample,80490105,ticks
xc_mt,total_wall_ticks,sample,80429095,ticks
xc_mt,total_wall_ticks,sample,80394696,ticks
xc_mt,total_wall_ticks,sample,80463363,ticks
xc_mt,total_wall_ticks,sample,80445642,ticks
xc_mt,total_wall_ticks,sample,80484410,ticks
xc_mt,total_wall_ticks,sample,80480652,ticks
xc_mt,total_wall_ticks,sample,80400264,ticks
xc_mt,total_wall_ticks,sample,80403075,ticks
xc_mt,total_wall_ticks,sample,80446368,ticks
xc_mt,total_wall_ticks,sample,80428061,ticks
xc_mt,total_wall_ticks,sample,80478554,ticks
xc_mt,total_wall_ticks,sample,80505623,ticks
xc_mt,total_wall_ticks,sample,80473948,ticks
xc_mt,total_wall_ticks,sample,80477671,ticks
xc_mt,total_wall_ticks,sample,80474422,ticks
xc_mt,total_wall_ticks,sample,80454976,ticks
xc_mt,total_wall_ticks,sample,80464104,ticks
xc_mt,total_wall_ticks,sample,80481148,ticks
xc_mt,total_wall_ticks,sample,80463907,ticks
xc_mt,total_wall_ticks,sample,80467511,ticks
xc_mt,total_wall_ticks,sample,80473633,ticks
xc_mt,total_wall_ticks,sample,80460374,ticks
xc_mt,total_wall_ticks,sample,80478534,ticks
xc_mt,total_wall_ticks,sample,80479691,ticks
xc_mt,total_wall_ticks,sample,80477141,ticks
xc_mt,total_wall_ticks,sample,80448381,ticks
xc_mt,total_wall_ticks,sample,80480352,ticks
xc_mt,total_wall_ticks,sample,80457786,ticks
xc_mt,total_wall_ticks,sample,80503953,ticks
xc_mt,total_wall_ticks,sample,80495533,ticks
xc_mt,total_wall_ticks,sample,80471194,ticks
xc_mt,total_wall_ticks,sample,80490868,ticks
xc_mt,total_wall_ticks,sample,80499596,ticks
xc_mt,total_wall_ticks,sample,80413271,ticks
xc_mt,total_wall_ticks,sample,80426637,ticks
xc_mt,total_wall_ticks,sample,80404854,ticks
xc_mt,total_wall_ticks,sample,105560131,ticks
xc_mt,total_wall_ticks,sample,130720704,ticks
xc_mt,total_wall_ticks,sample,125652954,ticks
xc_mt,total_wall_ticks,sample,80482411,ticks
xc_mt,total_wall_ticks,sample,80456147,ticks
xc_mt,total_wall_ticks,sample,80387815,ticks
xc_mt,total_wall_ticks,sample,80412434,ticks
xc_mt,total_wall_ticks,sample,80395352,ticks
xc_mt,total_wall_ticks,sample,80391965,ticks
xc_mt,total_wall_ticks,sample,80377205,ticks
xc_mt,total_wall_ticks,sample,80405298,ticks
xc_mt,total_wall_ticks,sample,80435926,ticks
xc_mt,total_wall_ticks,sample,80414111,ticks
xc_mt,total_wall_ticks,min,80377205,ticks
xc_mt,total_wall_ticks,avg,82863236,ticks
xc_mt,total_wall_ticks,p50,80464104,ticks
xc_mt,total_wall_ticks,p99,130720704,ticks
xc_mt,total_wall_ticks,max,130720704,ticks
